{"loss":{"0":4.7782044411,"1":4.2230434418,"2":4.3824205399,"3":4.6954803467,"4":3.9970412254,"5":3.9455726147,"6":4.1721787453,"7":4.1476545334,"8":4.4909334183,"9":4.613509655,"10":4.5433163643,"11":4.3569583893,"12":4.1758160591,"13":4.3380336761,"14":5.0010228157,"15":4.4002189636,"16":4.8347349167,"17":4.3645014763,"18":4.2837138176,"19":4.4596157074,"20":4.4019956589,"21":4.3783755302,"22":4.0405406952,"23":4.4956727028,"24":4.6638975143,"25":4.1035256386,"26":3.9550199509,"27":4.3608250618,"28":4.3669452667,"29":4.0610408783},"accuracy":{"0":0.0,"1":0.0,"2":0.0,"3":0.0,"4":0.0,"5":0.0,"6":0.0,"7":0.0,"8":0.0,"9":0.0,"10":0.0,"11":0.0,"12":0.0,"13":0.0,"14":0.0,"15":0.0,"16":0.0,"17":0.0,"18":0.0,"19":0.0,"20":0.0,"21":0.0,"22":0.0,"23":0.0,"24":0.0,"25":0.0,"26":0.0,"27":0.0,"28":0.0,"29":0.0},"val_loss":{"0":16895.87109375,"1":14367.0849609375,"2":8.6239538193,"3":5.2092604637,"4":15.2339611053,"5":4.6883721352,"6":85.088394165,"7":212.6317443848,"8":4.5282177925,"9":23.5280056,"10":352.6418457031,"11":130.876373291,"12":4.4925522804,"13":4.4240422249,"14":4.0890293121,"15":6.894411087,"16":5.1744332314,"17":7.1376905441,"18":4.2725753784,"19":11.7173318863,"20":4.2642378807,"21":3.9617581367,"22":3.9226136208,"23":3.8540022373,"24":4.1545181274,"25":3.8896255493,"26":4.0275511742,"27":4.7701659203,"28":4.0960845947,"29":4.112994194},"val_accuracy":{"0":0.0,"1":0.0,"2":0.0,"3":0.0,"4":0.0,"5":0.0,"6":0.0,"7":0.0,"8":0.0,"9":0.0,"10":0.0,"11":0.0,"12":0.0,"13":0.0,"14":0.0,"15":0.0,"16":0.0,"17":0.0,"18":0.0,"19":0.0,"20":0.0,"21":0.0,"22":0.0,"23":0.0,"24":0.0,"25":0.0,"26":0.0,"27":0.0,"28":0.0,"29":0.0},"lr":{"0":0.003,"1":0.003,"2":0.003,"3":0.003,"4":0.003,"5":0.003,"6":0.003,"7":0.003,"8":0.003,"9":0.003,"10":0.003,"11":0.003,"12":0.003,"13":0.003,"14":0.003,"15":0.003,"16":0.003,"17":0.003,"18":0.003,"19":0.003,"20":0.0015,"21":0.0015,"22":0.0015,"23":0.0015,"24":0.0015,"25":0.0015,"26":0.0015,"27":0.0015,"28":0.0015,"29":0.00075}}