{"val_loss":{"0":110099680.0,"1":23478.40625,"2":1108.0723876953,"3":28.113117218,"4":68.8022155762,"5":4.2120943069,"6":10.1611766815,"7":4.3240289688,"8":4.1302051544,"9":4.6225299835,"10":2.6532487869,"11":5.1952238083,"12":2.7194080353,"13":2.7986102104,"14":1.5058031082,"15":4.501065731,"16":3.6754281521,"17":57.042640686,"18":12.4491653442,"19":6.9159421921,"20":8.9028396606,"21":6.6107940674,"22":2.5537924767,"23":2.7243509293,"24":4.3175706863,"25":2.9529471397,"26":3.2120478153,"27":3.351121664,"28":4.5468525887,"29":3.2797732353},"val_accuracy":{"0":0.0,"1":0.0,"2":0.0,"3":0.0,"4":0.0,"5":0.0,"6":0.0,"7":0.0,"8":0.0,"9":0.0,"10":0.0,"11":0.0,"12":0.0,"13":0.0,"14":0.0,"15":0.0,"16":0.0,"17":0.0,"18":0.0,"19":0.0,"20":0.0,"21":0.0,"22":0.0,"23":0.0,"24":0.0,"25":0.0,"26":0.0,"27":0.0,"28":0.0,"29":0.0},"loss":{"0":6.1549832001,"1":4.5023715496,"2":4.4558419734,"3":4.2021484599,"4":4.7884419113,"5":4.6185701229,"6":4.6341318339,"7":4.4732562527,"8":4.3113769218,"9":4.8428437561,"10":4.9037075937,"11":4.6027083471,"12":4.3031244799,"13":4.3971090466,"14":4.3995390907,"15":4.4527622685,"16":4.4824269526,"17":4.4456481785,"18":4.0522097237,"19":4.2675450332,"20":4.1101315767,"21":4.281305097,"22":4.5590059124,"23":3.8380444273,"24":4.4886426553,"25":4.4572997019,"26":3.8493082896,"27":4.5713417307,"28":4.5716642104,"29":3.8580650687},"accuracy":{"0":0.0,"1":0.0,"2":0.0,"3":0.0,"4":0.0,"5":0.0,"6":0.0,"7":0.0,"8":0.0,"9":0.0,"10":0.0,"11":0.0,"12":0.0,"13":0.0,"14":0.0,"15":0.0,"16":0.0,"17":0.0,"18":0.0,"19":0.0,"20":0.0,"21":0.0,"22":0.0,"23":0.0,"24":0.0,"25":0.0,"26":0.0,"27":0.0,"28":0.0,"29":0.0},"lr":{"0":0.003,"1":0.003,"2":0.003,"3":0.003,"4":0.003,"5":0.003,"6":0.003,"7":0.003,"8":0.003,"9":0.003,"10":0.003,"11":0.003,"12":0.003,"13":0.003,"14":0.003,"15":0.003,"16":0.003,"17":0.003,"18":0.003,"19":0.003,"20":0.0015,"21":0.0015,"22":0.0015,"23":0.0015,"24":0.0015,"25":0.00075,"26":0.00075,"27":0.00075,"28":0.00075,"29":0.00075}}