{"loss":{"0":5.0727458,"1":4.1007957458,"2":4.3211159706,"3":4.390648365,"4":3.937732935,"5":4.6301937103,"6":4.2985033989,"7":4.1510896683,"8":4.3234224319,"9":4.1963953972,"10":4.293150425,"11":4.1891169548,"12":4.2205843925,"13":4.1299667358,"14":4.1138854027,"15":4.3610062599,"16":4.334379673,"17":4.4343347549,"18":3.7678468227,"19":4.451072216,"20":4.2189059258,"21":4.098815918,"22":3.9707388878,"23":4.0284361839,"24":3.9831693172,"25":4.2337145805,"26":4.1278867722,"27":4.2067351341,"28":4.2095866203,"29":4.6301417351,"30":4.2058806419,"31":4.0286374092,"32":4.2162036896,"33":3.9786336422,"34":4.3217306137,"35":4.4131770134,"36":4.5649514198,"37":3.8008933067,"38":4.7747454643,"39":3.7439980507,"40":3.8350834846,"41":4.4675722122,"42":4.3521990776,"43":4.121067524,"44":4.3522572517,"45":4.3937735558,"46":4.045498848,"47":4.6994419098,"48":4.4304113388,"49":3.9332971573},"val_loss":{"0":5.2914028168,"1":94.3950958252,"2":512.2538452148,"3":540.9389648438,"4":31.3333778381,"5":122.7869720459,"6":17.4888687134,"7":16.2446918488,"8":5.7180919647,"9":4.6922426224,"10":5.6192040443,"11":4.6616640091,"12":3.9402143955,"13":4.393037796,"14":3.9944014549,"15":3.7563166618,"16":4.0235977173,"17":4.4361915588,"18":3.957531929,"19":3.7247037888,"20":4.7047529221,"21":4.3593974113,"22":4.4380202293,"23":3.901065588,"24":4.5934967995,"25":4.7792639732,"26":3.8483190536,"27":4.0428376198,"28":4.0679302216,"29":4.3990273476,"30":3.8613498211,"31":4.2479424477,"32":4.5119915009,"33":4.3769049644,"34":4.9220552444,"35":4.2866463661,"36":4.4104442596,"37":3.9818029404,"38":4.5206608772,"39":4.3222665787,"40":3.9239661694,"41":4.2759866714,"42":4.4282417297,"43":4.0275044441,"44":4.8207745552,"45":3.9053657055,"46":4.3617768288,"47":4.2869606018,"48":4.1895523071,"49":4.5709495544},"lr":{"0":0.003,"1":0.003,"2":0.003,"3":0.003,"4":0.003,"5":0.003,"6":0.0015,"7":0.0015,"8":0.0015,"9":0.0015,"10":0.0015,"11":0.0015,"12":0.0015,"13":0.0015,"14":0.0015,"15":0.0015,"16":0.0015,"17":0.0015,"18":0.0015,"19":0.0015,"20":0.0015,"21":0.0015,"22":0.0015,"23":0.0015,"24":0.0015,"25":0.00075,"26":0.00075,"27":0.00075,"28":0.00075,"29":0.00075,"30":0.000375,"31":0.000375,"32":0.000375,"33":0.000375,"34":0.000375,"35":0.0001875,"36":0.0001875,"37":0.0001875,"38":0.0001875,"39":0.0001875,"40":0.00009375,"41":0.00009375,"42":0.00009375,"43":0.00009375,"44":0.00009375,"45":0.000046875,"46":0.000046875,"47":0.000046875,"48":0.000046875,"49":0.000046875}}