{"loss":{"0":5.259552002,"1":4.8928775787,"2":4.5988483429,"3":4.4824624062,"4":4.4773859978,"5":4.6408057213,"6":4.2106308937,"7":4.0335488319,"8":3.944070816,"9":4.5103211403,"10":4.6301593781,"11":4.6393823624,"12":4.0378866196,"13":4.0240263939,"14":4.4559884071,"15":4.8952851295,"16":5.0442399979,"17":4.2416725159,"18":4.1783638,"19":4.6392040253,"20":4.041686058,"21":4.3709144592,"22":4.0960040092,"23":4.1855721474,"24":4.4924917221,"25":4.2467799187,"26":4.4034075737,"27":4.2976722717,"28":4.1318478584,"29":4.0918078423},"val_loss":{"0":54238.9921875,"1":100.4080810547,"2":139843.171875,"3":4678.658203125,"4":4.5331039429,"5":4.6598229408,"6":9.2589607239,"7":23.2791194916,"8":32.6542625427,"9":180.5022583008,"10":4.6929187775,"11":71.5621948242,"12":9.100066185,"13":11.4649858475,"14":3.7963454723,"15":4.1496543884,"16":4.6498527527,"17":4.401819706,"18":4.6253113747,"19":4.5533223152,"20":4.2341070175,"21":3.5828008652,"22":4.548895359,"23":3.2817473412,"24":5.1747975349,"25":4.4325351715,"26":3.5763521194,"27":4.4271492958,"28":3.5838444233,"29":4.4677152634},"lr":{"0":0.003,"1":0.003,"2":0.003,"3":0.003,"4":0.003,"5":0.003,"6":0.003,"7":0.003,"8":0.003,"9":0.003,"10":0.0015,"11":0.0015,"12":0.0015,"13":0.0015,"14":0.0015,"15":0.0015,"16":0.0015,"17":0.0015,"18":0.0015,"19":0.0015,"20":0.00075,"21":0.00075,"22":0.00075,"23":0.00075,"24":0.00075,"25":0.00075,"26":0.00075,"27":0.00075,"28":0.00075,"29":0.000375}}